Brand Name,Price Range,Rating
hernest project,$$,Good
Kings of Indigo,$$,Good
Passion Lilie,$$,Good
Boyish,$$$,Good
FTC Cashmere,$$$$,Good
Bhumi,$$$,Good
Touch Me Not,$$,Good
(di)vision,$$,Good
bleed,$$,Good
ASKET,$$$,Good
AndAll,$$$,Good
Tuckerman & Co,$$$,Good
Lola & Stella,$,Good
Londre Bodywear,$$,Good
Wildflo Studio,$$,Good
Kampos,$$$,Good
Garçon Français,$$$,Good
Pop My Way,$$$,Good
SUI,$$$,Good
ROZENBROEK,$$,Good
MELAWEAR,$$$,Good
POPLINEN,$$,Good
TWOTHIRDS,$$,Good
Lefrik,$$,Good
Ethletic,$$,Good
pinqponq,$$$,Good
Enfant Terrible,$$,Good
Wyatt and Jack,$$,Good
Pareto,$$,Good
Sotela,$$$,Good
Dear Denier,$$$,Good
Ayten Gasson,$$$,Good
Kilomet109,$$$,Good
Engel,$$$,Good
Elle Evans,$$,Good
HNST,$$,Good
Näz,$$$,Good
Hoppidi Handmade,$,Good
HERTH,$$$,Good
Rokit Vintage,$$$,Good
Tortoise The Label,$,Good
Seek Collective,$$$,Good
Tomorrow Denim,$$,Good
SukkhaCitta,$$$,Good
Stature,$$$,Good
GRAMMAR,$$$,Good
Tattered Eden,$$,Good
Loop Swim,$$,Good
Elvis & Kresse,$$$,Good
Lucy & Yak,$$,Good
BASTET NOIR,$$,Good
Kowtow,$$,Good
The Very Good Bra,$$$,Good
Fanfare,$$$,Good
Message Factory,$$,Good
Maxomorra,$$,Good
tehadesigns,$$,Good
Pico,$$$,Good
GARY MASH,$,Good
Treekid,$$,Good
zero waste daniel,$$$,Good
mori,$$,Good
autark,$$$,Good
FM 669,$$,Good
Erba,$$,Good
Tasi Travels,$$$,Good
Teemill,$,Good
Mightly,$$,Good
NICO,$$$,Good
recolution,$$,Good
milo+nicki,$$$,Good
Mars Loves Her,$$,Good
LoveLux,$$,Good
4Kinship,$$$,Good
Granelito,$$,Good
Anekdot,$$$,Good
All The Wild Roses,$$,Good
Happy Earth Apparel,$$,Good
Adarche Clothing,$$,Good
wayre,$$$,Good
Conscious Step,$$$,Good
Mochi,$$$,Good
Avani,$$$,Good
Florence Given,$$$,Good
Sorella Organics,$$,Good
RESIDUS,$$,Good
Luna + Sun,$$$,Good
Nisa,$$,Good
Licia Florio,$$$,Good
Ambiletics,$$$,Good
RAANI the label,$$,Good
337 BRAND,$$,Good
LOVETRUST,$$,Good
Natasha Tonic,$$,Good
The Classic T-Shirt Company,$$,Good
nu-in,$$,Good
MATE the Label,$$,Good
Amber Days,$$,Good
Gaia Segattini Knotwear,$$,Good
Slow Stitch Studio,$$,Good
