Brand Name,Sustainable
hernest project,Sustainable
Kings of Indigo,Sustainable
Passion Lilie,Sustainable
Boyish,Sustainable
FTC Cashmere,Sustainable
Bhumi,Sustainable
Touch Me Not,Sustainable
(di)vision,Sustainable
bleed,Sustainable
ASKET,Sustainable
AndAll,Sustainable
Tuckerman & Co,Sustainable
Lola & Stella,Sustainable
Londre Bodywear,Sustainable
Wildflo Studio,Sustainable
Kampos,Sustainable
Garçon Français,Sustainable
Pop My Way,Sustainable
SUI,Sustainable
ROZENBROEK,Sustainable
MELAWEAR,Sustainable
POPLINEN,Sustainable
TWOTHIRDS,Sustainable
Lefrik,Sustainable
Ethletic,Sustainable
pinqponq,Sustainable
Enfant Terrible,Sustainable
Wyatt and Jack,Sustainable
Pareto,Sustainable
Sotela,Sustainable
Dear Denier,Sustainable
Ayten Gasson,Sustainable
Kilomet109,Sustainable
Engel,Sustainable
Elle Evans,Sustainable
HNST,Sustainable
Näz,Sustainable
Hoppidi Handmade,Sustainable
HERTH,Sustainable
Rokit Vintage,Sustainable
Tortoise The Label,Sustainable
Seek Collective,Sustainable
Tomorrow Denim,Sustainable
SukkhaCitta,Sustainable
Stature,Sustainable
GRAMMAR,Sustainable
Tattered Eden,Sustainable
Loop Swim,Sustainable
Elvis & Kresse,Sustainable
Lucy & Yak,Sustainable
BASTET NOIR,Sustainable
Kowtow,Sustainable
The Very Good Bra,Sustainable
Fanfare,Sustainable
Message Factory,Sustainable
Maxomorra,Sustainable
tehadesigns,Sustainable
Pico,Sustainable
GARY MASH,Sustainable
Treekid,Sustainable
zero waste daniel,Sustainable
mori,Sustainable
autark,Sustainable
FM 669,Sustainable
Erba,Sustainable
Tasi Travels,Sustainable
Teemill,Sustainable
Mightly,Sustainable
NICO,Sustainable
recolution,Sustainable
milo+nicki,Sustainable
Mars Loves Her,Sustainable
LoveLux,Sustainable
4Kinship,Sustainable
Granelito,Sustainable
Anekdot,Sustainable
All The Wild Roses,Sustainable
Happy Earth Apparel,Sustainable
Adarche Clothing,Sustainable
wayre,Sustainable
Conscious Step,Sustainable
Mochi,Sustainable
Avani,Sustainable
Florence Given,Sustainable
Sorella Organics,Sustainable
RESIDUS,Sustainable
Luna + Sun,Sustainable
Nisa,Sustainable
Licia Florio,Sustainable
Ambiletics,Sustainable
RAANI the label,Sustainable
337 BRAND,Sustainable
LOVETRUST,Sustainable
Natasha Tonic,Sustainable
The Classic T-Shirt Company,Sustainable
nu-in,Sustainable
MATE the Label,Sustainable
Amber Days,Sustainable
Gaia Segattini Knotwear,Sustainable
Slow Stitch Studio,Sustainable
Thunderpants NZ,Sustainable
Thunderpants USA,Sustainable
Yes Friends,Sustainable
Monsoon Blooms,Sustainable
Outland Denim,Sustainable
Mayamiko,Sustainable
LA Relaxed,Sustainable
STANLEY/STELLA,Sustainable
ÉTICA,Sustainable
Unrobe,Sustainable
Infantium Victoria,Sustainable
ReCreate,Sustainable
Subset,Sustainable
Where Does It Come From?,Sustainable
éclipse,Sustainable
Etiko,Sustainable
Iron Roots,Sustainable
Sealand,Sustainable
non,Sustainable
MUD Jeans,Sustainable
Pitupi,Sustainable
Harvest & Mill,Sustainable
Kalaurie,Sustainable
Rifò,Sustainable
Dorsu,Sustainable
Mantis World,Sustainable
The Standard Stitch,Sustainable
Ciganka - Artforms from Nature,Sustainable
Dharma Bums,Sustainable
Nube,Sustainable
The R Collective,Sustainable
Bon Label,Sustainable
Charlee Swim,Sustainable
Little Green Radicals,Sustainable
No Nasties,Sustainable
Josette la Chouette,Sustainable
Flare Street,Sustainable
Tripulse,Sustainable
SilkGenie,Sustainable
amaud,Sustainable
Citizen Wolf,Sustainable
Joyya,Sustainable
Mila.Vert,Sustainable
Orbasics,Sustainable
KOHR,Sustainable
dk active,Sustainable
People Tree,Sustainable
Mighty Good Basics,Sustainable
ARMEDANGELS,Sustainable
PaaPii Design,Sustainable
Hopaal,Sustainable
Dedicated,Sustainable
A.BCH,Sustainable
Living Crafts,Sustainable
The Tiny Closet,Sustainable
Organic Basics,Sustainable
Band of Rascals,Sustainable
Carlie Ballard,Sustainable
The Social Studio,Sustainable
blufruit,Sustainable
Nudie Jeans,Sustainable
loud + proud,Sustainable
Aestethic London,Sustainable
Phyne,Sustainable
Culthread,Sustainable
DuchXFashion,Sustainable
Aster & Oak,Sustainable
Panamuna Project,Sustainable
Anne Hermine,Sustainable
Nightswim,Sustainable
E.L.V. Denim,Sustainable
The Good Tee,Sustainable
Fair Indigo,Sustainable
VegasRabbitClothing,Sustainable
SILENT WAVE INDIGO,Sustainable
The Common Good Company,Sustainable
The Artful Mitten,Sustainable
WalkinThroughFlowers,Sustainable
Christy Dawn,Sustainable
RŪPAHAUS,Sustainable
Neu Nomads,Sustainable
Glass Onion,Sustainable
Soleil Soleil,Sustainable
LDP,Sustainable
Kings of Indigo,Sustainable
hernest project,Sustainable
Passion Lilie,Sustainable
Boyish,Sustainable
FTC Cashmere,Sustainable
Bhumi,Sustainable
Touch Me Not,Sustainable
(di)vision,Sustainable
bleed,Sustainable
ASKET,Sustainable
AndAll,Sustainable
Tuckerman & Co,Sustainable
Lola & Stella,Sustainable
Londre Bodywear,Sustainable
Wildflo Studio,Sustainable
Kampos,Sustainable
Showpo,Not Sustainable
ETRÉ TOKYO,Not Sustainable
Zadig&Voltaire,Not Sustainable
New Era,Not Sustainable
INTERSPORT,Not Sustainable
Wehkamp,Not Sustainable
Buffalo London,Not Sustainable
Dotti,Not Sustainable
Catimini,Not Sustainable
PacSun,Not Sustainable
THE LIBRARY,Not Sustainable
Nautica,Not Sustainable
Ardene,Not Sustainable
DAIWA PIER39,Not Sustainable
Original Penguin,Not Sustainable
mysty woman,Not Sustainable
JoJo Maman Bébé,Not Sustainable
IDKIDS,Not Sustainable
repipi armario,Not Sustainable
M_,Not Sustainable
celio,Not Sustainable
BAYFLOW,Not Sustainable
GRAIN DE MALICE,Not Sustainable
Who What Wear,Not Sustainable
CECIL,Not Sustainable
Mint Velvet,Not Sustainable
CAMP DAVID,Not Sustainable
etnies,Not Sustainable
Regatta Australia,Not Sustainable
Kaporal,Not Sustainable
REPLAY,Not Sustainable
White House Black Market,Not Sustainable
Le Lis,Not Sustainable
STUMBLY,Not Sustainable
Lands' End,Not Sustainable
Perry Ellis,Not Sustainable
MANASTASH,Not Sustainable
niko and …,Not Sustainable
LOWRYS FARM,Not Sustainable
HERVE LEGER,Not Sustainable
LE PHIL,Not Sustainable
grove,Not Sustainable
Great Plains,Not Sustainable
Fabletics,Not Sustainable
hueLe Museum,Not Sustainable
YLÈVE,Not Sustainable
SOCCX,Not Sustainable
OKAIDI,Not Sustainable
CINEMA CLUB,Not Sustainable
Eddie Bauer,Not Sustainable
THE SHOP TK,Not Sustainable
Snow Peak,Not Sustainable
Vineyard Vines,Not Sustainable
Promod,Not Sustainable
Quiz,Not Sustainable
apart by lowrys,Not Sustainable
Hudson Jeans,Not Sustainable
French Connection,Not Sustainable
Alo,Not Sustainable
Indiska,Not Sustainable
LAKOLE,Not Sustainable
Mayoral,Not Sustainable
MOUSSY,Not Sustainable
FCUK,Not Sustainable
Rockmans,Not Sustainable
Paco Rabanne,Not Sustainable
Jos. A. Bank Clothiers,Not Sustainable
ESTNATION,Not Sustainable
Goldwin,Not Sustainable
White Stuff,Not Sustainable
JEANASIS,Not Sustainable
Sportsgirl,Not Sustainable
Vince,Not Sustainable
Jil Sander,Not Sustainable
one’sterrace,Not Sustainable
PING Japan,Not Sustainable
MECRE,Not Sustainable
Jockey,Not Sustainable
D'URBAN,Not Sustainable
NBB WEEKEND,Not Sustainable
Moss,Not Sustainable
Keds,Not Sustainable
LEPSIM,Not Sustainable
CLOSSHI,Not Sustainable
Lucky Brand,Not Sustainable
Cubavera,Not Sustainable
Express,Not Sustainable
Forget-me-nots,Not Sustainable
Ron Herman,Not Sustainable
SHOO·LA ·RUE,Not Sustainable
ANSON'S,Not Sustainable
Peek & Cloppenburg,Not Sustainable
Men's Wearhouse,Not Sustainable
FREE'S MART,Not Sustainable
Chico's,Not Sustainable
True Religion,Not Sustainable
Boux Avenue,Not Sustainable
Armand Thiery,Not Sustainable
Industrie,Not Sustainable
ORIGINAL MARINES,Not Sustainable
Lululemon,Not Sustainable
Banana Republic,Not Sustainable
H&M,Not Sustainable
Adidas,Not Sustainable
Lefties,Not Sustainable
ONLY,Not Sustainable
Miss Selfridge,Not Sustainable
True&Co.,Not Sustainable
Warner's,Not Sustainable
Little Star Organic,Not Sustainable
Linen Fairytales,Not Sustainable
AGOLDE,Not Sustainable
Still Here,Not Sustainable
Magnet America,Not Sustainable
Monica Hansen Beachwear,Not Sustainable
ocean+main,Not Sustainable
Gap,Not Sustainable
JD Sports,Not Sustainable
APPARIS,Not Sustainable
Midheaven Denim,Not Sustainable
Trenery,Not Sustainable
Mainie,Not Sustainable
Studio Amelia,Not Sustainable
Rodeo Queen Fine Art,Not Sustainable
ASICS,Not Sustainable
Bershka,Not Sustainable
77circa,Not Sustainable
Hamilton Shirts,Not Sustainable
Organication,Not Sustainable
VERO MODA,Not Sustainable
Noppies,Not Sustainable
NAGIE,Not Sustainable
Arms of Andes,Not Sustainable
OBJECT,Not Sustainable
Lois,Not Sustainable
Lisa Yang,Not Sustainable
Lipsy London,Not Sustainable
SATISFY,Not Sustainable
Cloe Cassandro,Not Sustainable
Omdl Coastal,Not Sustainable
Supermom,Not Sustainable
SMR Days,Not Sustainable
Gina Tricot,Not Sustainable
Go OM Yourself,Not Sustainable
Stradivarius,Not Sustainable
Lindex,Not Sustainable
Khasto,Not Sustainable
Noisy May,Not Sustainable
Hold Supply,Not Sustainable
Aranyani,Not Sustainable
ragwear,Not Sustainable
Maisie Wilen,Not Sustainable
Harlow,Not Sustainable
Gratefully Threaded,Not Sustainable
Monos,Not Sustainable
Faceplant Dreams,Not Sustainable
La Come Di,Not Sustainable
Y.A.S,Not Sustainable
DEVINTO,Not Sustainable
Old Navy,Not Sustainable
Enlighten Clothing Co,Not Sustainable
Ginny & Jude Designs,Not Sustainable
Deadwood,Not Sustainable
Stadium,Not Sustainable
Louelle,Not Sustainable
COMUNITYmade,Not Sustainable
EcoAble,Not Sustainable
Le Silla,Not Sustainable
L'ETE FEMME,Not Sustainable
Gilly Hicks,Not Sustainable
Goosecraft,Not Sustainable
Ezze Wear,Not Sustainable
House of Aama,Not Sustainable
Wear London,Not Sustainable
Only & Sons,Not Sustainable
ul:kin,Not Sustainable
evan kinori,Not Sustainable
Dinoski,Not Sustainable
Lan Retro,Not Sustainable
A.B.C.L.,Not Sustainable
OTTO,Not Sustainable
Jamie Kay,Not Sustainable
REAMEREI,Not Sustainable
Vegetarian Shoes,Not Sustainable
OKY,Not Sustainable
My Jewellery,Not Sustainable
Deeply,Not Sustainable
Malja,Not Sustainable
Truly Linen,Not Sustainable
Pea in a Pod,Not Sustainable
Reception,Not Sustainable
Sunspel,Not Sustainable
Dare Fashion,Not Sustainable
NONAT,Not Sustainable
JoReMillinery,Not Sustainable
North Sails,Not Sustainable
VILA,Not Sustainable
Muchachomalo,Not Sustainable
Masala Tee,Not Sustainable
Athleta,Not Sustainable
